{"min_r2":0.89499883171008,"cv_range":0.021064591294544632,"_wandb":{"runtime":0},"mean_r2":0.9031112167099676,"max_r2":0.9160634230046246,"_timestamp":1.7722842901781478e+09,"_step":0,"std_r2":0.007008960742965996,"_runtime":0}