{"_wandb":{"runtime":1},"_step":29,"alpha":0.0026856202277928706,"l1_ratio":0.36581493363750595,"mean_r2":0.9030507427166136,"_timestamp":1.7722858046905744e+09,"_runtime":1.4566644}