{"_wandb":{"runtime":0},"std_r2":0.007284091359898576,"_step":0,"_timestamp":1.7722843058806539e+09,"_runtime":0,"mean_r2":0.9030182735230399,"min_r2":0.8951718828391059,"max_r2":0.9168225313173548,"cv_range":0.021650648478248935}