{"_wandb":{"runtime":0},"cv_range":0.05107975629641914,"_step":0,"max_r2":0.8435295879890139,"_runtime":0,"std_r2":0.018504288451425988,"min_r2":0.7924498316925948,"_timestamp":1.7722843323899438e+09,"mean_r2":0.8074314688859016}