{"_timestamp":1.772284295439538e+09,"_wandb":{"runtime":0},"_runtime":0,"min_r2":0.891103832137437,"cv_range":0.01829238298399971,"std_r2":0.006851612240856909,"_step":0,"max_r2":0.9093962151214368,"mean_r2":0.9010564637346745}