{"_step":0,"_wandb":{"runtime":0},"std_r2":0.018237893132468787,"_runtime":0,"_timestamp":1.7722843377675507e+09,"max_r2":0.2865090684300814,"min_r2":0.23565258018949164,"cv_range":0.05085648824058975,"mean_r2":0.27018132280605756}