{"max_r2":0.9095102580989319,"_wandb":{"runtime":0},"_timestamp":1.7722843273930295e+09,"min_r2":0.8922980672243495,"_step":0,"std_r2":0.006582811242898508,"_runtime":0,"cv_range":0.017212190874582478,"mean_r2":0.9019202398616691}