{"mean_r2":0.9030308063685434,"_wandb":{"runtime":0},"cv_range":0.021591547662463628,"_runtime":0,"min_r2":0.8951576415232054,"max_r2":0.9167491891856691,"_timestamp":1.7722842849548502e+09,"_step":0,"std_r2":0.0072541784764117625}