{"_wandb":{"runtime":0},"_runtime":0,"min_r2":0.89499883171008,"max_r2":0.9160634230046246,"_timestamp":1.7722838898733673e+09,"_step":0,"mean_r2":0.9031112167099676,"std_r2":0.007008960742965996}