{"cv_range":0.021651559495237227,"_timestamp":1.7722843114036405e+09,"mean_r2":0.9030184034922488,"_wandb":{"runtime":0},"min_r2":0.8951673154079631,"max_r2":0.9168188749032004,"_step":0,"_runtime":0,"std_r2":0.007283165529515188}