{"min_r2":0.8951709259204251,"_step":0,"_wandb":{"runtime":0},"_runtime":0,"_timestamp":1.7722842799222517e+09,"mean_r2":0.9030195432253851,"max_r2":0.916815585190402,"std_r2":0.00728117147861142,"cv_range":0.02164465926997683}