{"_timestamp":1.7722843220146852e+09,"_runtime":0,"mean_r2":0.9030983609621529,"min_r2":0.895038138672073,"_step":0,"max_r2":0.9162191847431972,"cv_range":0.021181046071124143,"std_r2":0.0070595466038212585,"_wandb":{"runtime":0}}