{"_step":0,"cv_range":0.021650572621995212,"_wandb":{"runtime":0},"max_r2":0.9168228970673259,"_runtime":0,"_timestamp":1.7722843003349228e+09,"std_r2":0.007284187417042967,"min_r2":0.8951723244453307,"mean_r2":0.9030182568089506}