{"_wandb":{"runtime":0},"_timestamp":1.7722843172403617e+09,"_runtime":0,"cv_range":0.021657148877184396,"_step":0,"mean_r2":0.9030205337508608,"std_r2":0.007273180420469698,"max_r2":0.916782249690477,"min_r2":0.8951251008132926}